<component
    name="GameOverScreen"
    extends="Group">
    <script
        type="text/brightscript"
        uri="pkg:/components/screens/GameOverScreen.brs" />

    <interface>
        <field
            id="restart"
            type="boolean"
            alwaysNotify="true" />
        <field
            id="mainmenu"
            type="boolean"
            alwaysNotify="true" />

        <field
            id="state"
            type="boolean"
            alwaysNotify="true"
            onChange="onStateChange" />
    </interface>

    <children>
        <Rectangle id="background_full" />
        <Rectangle id="background" />
        <Rectangle id="background2" />

        <Group id="descriptionGroup" />

        <LayoutGroup id="buttonsGroup">
            <CustomButton id="restartButton" />
            <CustomButton id="mainmenuButton" />
        </LayoutGroup>
    </children>

</component>